id,date,title,content,audio_url,speaker,created_at,provider,speaker_website
1,2025-07-01,Parashat Shelach - The Test That Began Centuries,Parashat Shelach - The Test That Began Centuries,https://media.ou.org/torah/3796/72710/72710.mp3,Rabbi David Ashear,2025-07-01 6:42:48,Rabbi David Ashear,https://www.livingemunah.com/
2,2025-07-02,The Perfect Life,The Perfect Life,https://media.ou.org/torah/3796/228616/228616.mp3,Rabbi David Ashear,2025-07-01 6:42:48,Rabbi David Ashear,https://www.livingemunah.com/
3,2025-07-03,Always With You,Always With You,https://media.ou.org/torah/3796/220626/220626.mp3,Rabbi David Ashear,2025-07-01 6:42:48,Rabbi David Ashear,https://www.livingemunah.com/
4,2025-07-04,If We Have the Will,If We Have the Will,https://media.ou.org/torah/3796/216728/216728.mp3,Rabbi David Ashear,2025-07-01 6:42:48,Rabbi David Ashear,https://www.livingemunah.com/
5,2025-07-05,Get the Message,Get the Message,https://media.ou.org/torah/3796/215235/215235.mp3,Rabbi David Ashear,2025-07-01 6:42:48,Rabbi David Ashear,https://www.livingemunah.com/
6,2025-07-06,Accepting With Love,Accepting With Love,https://media.ou.org/torah/3796/212193/212193.mp3,Rabbi David Ashear,2025-07-01 6:42:48,Rabbi David Ashear,https://www.livingemunah.com/
7,2025-07-07,For Now,For Now,https://media.ou.org/torah/3796/210984/210984.mp3,Rabbi David Ashear,2025-07-01 6:42:48,Rabbi David Ashear,https://www.livingemunah.com/
8,2025-07-08,The Ripple Effect,The Ripple Effect,https://media.ou.org/torah/3796/209277/209277.mp3,Rabbi David Ashear,2025-07-01 6:42:48,Rabbi David Ashear,https://www.livingemunah.com/
9,2025-07-09,Take the Message to Heart,Take the Message to Heart,https://media.ou.org/torah/3796/207567/207567.mp3,Rabbi David Ashear,2025-07-01 6:42:48,Rabbi David Ashear,https://www.livingemunah.com/
10,2025-07-10,Hashem is Our Father,Hashem is Our Father,https://media.ou.org/torah/3796/205358/205358.mp3,Rabbi David Ashear,2025-07-01 6:42:48,Rabbi David Ashear,https://www.livingemunah.com/
11,2025-07-11,Catapult Into Greatness,Catapult Into Greatness,https://media.ou.org/torah/3796/202035/202035.mp3,Rabbi David Ashear,2025-07-01 6:42:48,Rabbi David Ashear,https://www.livingemunah.com/
12,2025-07-12,The Last Tisha B'Av,The Last Tisha B'Av,https://media.ou.org/torah/3796/200691/200691.mp3,Rabbi David Ashear,2025-07-01 6:42:48,Rabbi David Ashear,https://www.livingemunah.com/
13,2025-07-13,The Right Words,The Right Words,https://media.ou.org/torah/3796/199612/199612.mp3,Rabbi David Ashear,2025-07-01 6:42:48,Rabbi David Ashear,https://www.livingemunah.com/
14,2025-07-14,Always There for Us,Always There for Us,https://media.ou.org/torah/3796/198991/198991.mp3,Rabbi David Ashear,2025-07-01 6:42:48,Rabbi David Ashear,https://www.livingemunah.com/
15,2025-07-15,Free of Charge,Free of Charge,https://media.ou.org/torah/3796/198343/198343.mp3,Rabbi David Ashear,2025-07-01 6:42:48,Rabbi David Ashear,https://www.livingemunah.com/
16,2025-07-16,A Small Change in Attitude,A Small Change in Attitude,https://media.ou.org/torah/3796/196808/196808.mp3,Rabbi David Ashear,2025-07-01 6:42:48,Rabbi David Ashear,https://www.livingemunah.com/
17,2025-07-17,Don't Overdo It,Don't Overdo It,https://media.ou.org/torah/3796/192961/192961.mp3,Rabbi David Ashear,2025-07-01 6:42:48,Rabbi David Ashear,https://www.livingemunah.com/
18,2025-07-18,If We Care About the Glory of Hashem,If We Care About the Glory of Hashem,https://media.ou.org/torah/3796/191300/191300.mp3,Rabbi David Ashear,2025-07-01 6:42:48,Rabbi David Ashear,https://www.livingemunah.com/
19,2025-07-19,Hashem Gives Back,Hashem Gives Back,https://media.ou.org/torah/3796/188788/188788.mp3,Rabbi David Ashear,2025-07-01 6:42:48,Rabbi David Ashear,https://www.livingemunah.com/
20,2025-07-20,The Chizuk We Need,The Chizuk We Need,https://media.ou.org/torah/3796/181120/181120.mp3,Rabbi David Ashear,2025-07-01 6:42:48,Rabbi David Ashear,https://www.livingemunah.com/
21,2025-07-21,Behind the Scenes,Behind the Scenes,https://media.ou.org/torah/3796/179631/179631.mp3,Rabbi David Ashear,2025-07-01 6:42:48,Rabbi David Ashear,https://www.livingemunah.com/
22,2025-07-22,The Help We Need With Our Children,The Help We Need With Our Children,https://media.ou.org/torah/3796/173099/173099.mp3,Rabbi David Ashear,2025-07-01 6:42:48,Rabbi David Ashear,https://www.livingemunah.com/
23,2025-07-23,Grab the Opportunity,Grab the Opportunity,https://media.ou.org/torah/3796/172677/172677.mp3,Rabbi David Ashear,2025-07-01 6:42:48,Rabbi David Ashear,https://www.livingemunah.com/
24,2025-07-24,Daily Miracles,Daily Miracles,https://media.ou.org/torah/3796/171554/171554.mp3,Rabbi David Ashear,2025-07-01 6:42:48,Rabbi David Ashear,https://www.livingemunah.com/
25,2025-07-25,An Emunah Testimonial,An Emunah Testimonial,https://media.ou.org/torah/3796/171083/171083.mp3,Rabbi David Ashear,2025-07-01 6:42:48,Rabbi David Ashear,https://www.livingemunah.com/
26,2025-07-26,One of the Greatest Ways to Bring Yeshuah,One of the Greatest Ways to Bring Yeshuah,https://media.ou.org/torah/3796/168561/168561.mp3,Rabbi David Ashear,2025-07-01 6:42:48,Rabbi David Ashear,https://www.livingemunah.com/
27,2025-07-27,Loving With All Your...,Loving With All Your...,https://media.ou.org/torah/3796/167495/167495.mp3,Rabbi David Ashear,2025-07-01 6:42:48,Rabbi David Ashear,https://www.livingemunah.com/
28,2025-07-28,Consider Your Options Carefully,Consider Your Options Carefully,https://media.ou.org/torah/3796/162497/162497.mp3,Rabbi David Ashear,2025-07-01 6:42:48,Rabbi David Ashear,https://www.livingemunah.com/
29,2025-07-29,Only One,Only One,https://media.ou.org/torah/3796/150587/150587.mp3,Rabbi David Ashear,2025-07-01 6:42:48,Rabbi David Ashear,https://www.livingemunah.com/
30,2025-07-30,Reunited as One,Reunited as One,https://media.ou.org/torah/3796/148955/148955.mp3,Rabbi David Ashear,2025-07-01 6:42:48,Rabbi David Ashear,https://www.livingemunah.com/
31,2025-07-31,The Big Question,The Big Question,https://media.ou.org/torah/3796/147496/147496.mp3,Rabbi David Ashear,2025-07-01 6:42:48,Rabbi David Ashear,https://www.livingemunah.com/
32,2025-08-01,How to Instill Emunah in Your Children,How to Instill Emunah in Your Children,https://media.ou.org/torah/3796/72710/72710.mp3,Rabbi David Ashear,2025-07-01 6:42:48,Rabbi David Ashear,https://www.livingemunah.com/
33,2025-08-02,One Who Saves a Single Life... Spiritually,One Who Saves a Single Life... Spiritually,https://media.ou.org/torah/3796/72511/72511.mp3,Rabbi David Ashear,2025-07-01 6:42:48,Rabbi David Ashear,https://www.livingemunah.com/
34,2025-08-03,Do the Right Thing,Do the Right Thing,https://media.ou.org/torah/3796/72309/72309.mp3,Rabbi David Ashear,2025-07-01 6:42:48,Rabbi David Ashear,https://www.livingemunah.com/
35,2025-08-04,No One Can Harm You Unless Hashem Wills It...,No One Can Harm You Unless Hashem Wills It...,https://media.ou.org/torah/3796/71947/71947.mp3,Rabbi David Ashear,2025-07-01 6:42:48,Rabbi David Ashear,https://www.livingemunah.com/
36,2025-08-05,Happiness Isn't Dependent on Salvation,Happiness Isn't Dependent on Salvation,https://media.ou.org/torah/3796/71436/71436.mp3,Rabbi David Ashear,2025-07-01 6:42:48,Rabbi David Ashear,https://www.livingemunah.com/
37,2025-08-06,Poor Doesn't Mean Financially,Poor Doesn't Mean Financially,https://media.ou.org/torah/3796/71221/71221.mp3,Rabbi David Ashear,2025-07-01 6:42:48,Rabbi David Ashear,https://www.livingemunah.com/
38,2025-08-07,"If You Can't Yet Thank Hashem for Your Troubles, Thank Him for Your Blessings","If You Can't Yet Thank Hashem for Your Troubles, Thank Him for Your Blessings",https://media.ou.org/torah/3796/70157/70157.mp3,Rabbi David Ashear,2025-07-01 6:42:48,Rabbi David Ashear,https://www.livingemunah.com/
39,2025-08-08,Rejoicing in Salvation,Rejoicing in Salvation,https://media.ou.org/torah/3796/69572/69572.mp3,Rabbi David Ashear,2025-07-01 6:42:48,Rabbi David Ashear,https://www.livingemunah.com/
40,2025-08-09,Emunah vs. Stressful Situations,Emunah vs. Stressful Situations,https://media.ou.org/torah/3796/69252/69252.mp3,Rabbi David Ashear,2025-07-01 6:42:48,Rabbi David Ashear,https://www.livingemunah.com/
41,2025-08-10,Your Request Has Been Received,Your Request Has Been Received,https://media.ou.org/torah/3796/68660/68660.mp3,Rabbi David Ashear,2025-07-01 6:42:48,Rabbi David Ashear,https://www.livingemunah.com/
42,2025-08-11,We Are Our Souls,We Are Our Souls,https://media.ou.org/torah/3796/67395/67395.mp3,Rabbi David Ashear,2025-07-01 6:42:48,Rabbi David Ashear,https://www.livingemunah.com/
43,2025-08-12,Emunah for Shabbat HaGadol,Emunah for Shabbat HaGadol,https://media.ou.org/torah/3796/66885/66885.mp3,Rabbi David Ashear,2025-07-01 6:42:48,Rabbi David Ashear,https://www.livingemunah.com/
44,2025-08-13,God's Love in Nisan,God's Love in Nisan,https://media.ou.org/torah/3796/66600/66600.mp3,Rabbi David Ashear,2025-07-01 6:42:48,Rabbi David Ashear,https://www.livingemunah.com/
45,2025-08-14,Keeping Shabbat in Our Minds,Keeping Shabbat in Our Minds,https://media.ou.org/torah/3796/66108/66108.mp3,Rabbi David Ashear,2025-07-01 6:42:48,Rabbi David Ashear,https://www.livingemunah.com/
46,2025-08-15,Hashem Speaks to Us in Many Ways,Hashem Speaks to Us in Many Ways,https://media.ou.org/torah/3796/65872/65872.mp3,Rabbi David Ashear,2025-07-01 6:42:48,Rabbi David Ashear,https://www.livingemunah.com/
47,2025-08-16,The Power of Prayer on Purim,The Power of Prayer on Purim,https://media.ou.org/torah/3796/65116/65116.mp3,Rabbi David Ashear,2025-07-01 6:42:48,Rabbi David Ashear,https://www.livingemunah.com/
48,2025-08-17,The Willingness to Sacrifice,The Willingness to Sacrifice,https://media.ou.org/torah/3796/65117/65117.mp3,Rabbi David Ashear,2025-07-01 6:42:48,Rabbi David Ashear,https://www.livingemunah.com/
49,2025-08-18,The Greatest Gift,The Greatest Gift,https://media.ou.org/torah/3796/64846/64846.mp3,Rabbi David Ashear,2025-07-01 6:42:48,Rabbi David Ashear,https://www.livingemunah.com/
50,2025-08-19,Tolerating Insults,Tolerating Insults,https://media.ou.org/torah/3796/64610/64610.mp3,Rabbi David Ashear,2025-07-01 6:42:48,Rabbi David Ashear,https://www.livingemunah.com/
51,2025-08-20,The Greatest Teacher of Emunah,The Greatest Teacher of Emunah,https://media.ou.org/torah/3796/64408/64408.mp3,Rabbi David Ashear,2025-07-01 6:42:48,Rabbi David Ashear,https://www.livingemunah.com/
52,2025-08-21,Sacrificing Without Success,Sacrificing Without Success,https://media.ou.org/torah/3796/64220/64220.mp3,Rabbi David Ashear,2025-07-01 6:42:48,Rabbi David Ashear,https://www.livingemunah.com/
53,2025-08-22,Giving Up Hope,Giving Up Hope,https://media.ou.org/torah/3796/64038/64038.mp3,Rabbi David Ashear,2025-07-01 6:42:48,Rabbi David Ashear,https://www.livingemunah.com/
54,2025-08-23,Segulot for Parnasa,Segulot for Parnasa,https://media.ou.org/torah/3796/63878/63878.mp3,Rabbi David Ashear,2025-07-01 6:42:48,Rabbi David Ashear,https://www.livingemunah.com/
55,2025-08-24,The Blessings of Bitachon,The Blessings of Bitachon,https://media.ou.org/torah/3796/63214/63214.mp3,Rabbi David Ashear,2025-07-01 6:42:48,Rabbi David Ashear,https://www.livingemunah.com/
56,2025-08-25,In the Blink of an Eye,In the Blink of an Eye,https://media.ou.org/torah/3796/62844/62844.mp3,Rabbi David Ashear,2025-07-01 6:42:48,Rabbi David Ashear,https://www.livingemunah.com/
57,2025-08-26,The Conditions of Trust,The Conditions of Trust,https://media.ou.org/torah/3796/62615/62615.mp3,Rabbi David Ashear,2025-07-01 6:42:48,Rabbi David Ashear,https://www.livingemunah.com/
58,2025-08-27,Going Through the Motions,Going Through the Motions,https://media.ou.org/torah/3796/60727/60727.mp3,Rabbi David Ashear,2025-07-01 6:42:48,Rabbi David Ashear,https://www.livingemunah.com/
59,2025-08-28,When Is It My Turn?,When Is It My Turn?,https://media.ou.org/torah/3796/60642/60642.mp3,Rabbi David Ashear,2025-07-01 6:42:48,Rabbi David Ashear,https://www.livingemunah.com/
60,2025-08-29,If We Truly Understood Hashgacha (God's Providence)...,If We Truly Understood Hashgacha (God's Providence)...,https://media.ou.org/torah/3796/60488/60488.mp3,Rabbi David Ashear,2025-07-01 6:42:48,Rabbi David Ashear,https://www.livingemunah.com/
61,2025-08-30,Guard Your Health!,Guard Your Health!,https://media.ou.org/torah/3796/60295/60295.mp3,Rabbi David Ashear,2025-07-01 6:42:48,Rabbi David Ashear,https://www.livingemunah.com/
62,2025-08-31,Music Hath Charms,Music Hath Charms,https://media.ou.org/torah/3796/86671/86671.mp3,Rabbi David Ashear,2025-07-01 6:42:48,Rabbi David Ashear,https://www.livingemunah.com/
63,2025-09-01,You Can't Have It if It's Not Yours,You Can't Have It if It's Not Yours,https://media.ou.org/torah/3796/86383/86383.mp3,Rabbi David Ashear,2025-07-01 6:42:48,Rabbi David Ashear,https://www.livingemunah.com/
64,2025-09-02,Seeing Is Not Believing,Seeing Is Not Believing,https://media.ou.org/torah/3796/85998/85998.mp3,Rabbi David Ashear,2025-07-01 6:42:48,Rabbi David Ashear,https://www.livingemunah.com/
65,2025-09-03,In Praise of the Jews in the Midbar,In Praise of the Jews in the Midbar,https://media.ou.org/torah/3796/85809/85809.mp3,Rabbi David Ashear,2025-07-01 6:42:48,Rabbi David Ashear,https://www.livingemunah.com/
66,2025-09-04,The Mitzvot Were Given to Make Us Happy,The Mitzvot Were Given to Make Us Happy,https://media.ou.org/torah/3796/85283/85283.mp3,Rabbi David Ashear,2025-07-01 6:42:48,Rabbi David Ashear,https://www.livingemunah.com/
67,2025-09-05,Overcoming Our Resentment Towards Others,Overcoming Our Resentment Towards Others,https://media.ou.org/torah/3796/84650/84650.mp3,Rabbi David Ashear,2025-07-01 6:42:48,Rabbi David Ashear,https://www.livingemunah.com/
68,2025-09-06,"Why the Torah Calls a Metzora ""Adam""","Why the Torah Calls a Metzora ""Adam""",https://media.ou.org/torah/3796/84228/84228.mp3,Rabbi David Ashear,2025-07-01 6:42:48,Rabbi David Ashear,https://www.livingemunah.com/
69,2025-09-07,In Nisan We Will Be Redeemed,In Nisan We Will Be Redeemed,https://media.ou.org/torah/3796/83759/83759.mp3,Rabbi David Ashear,2025-07-01 6:42:48,Rabbi David Ashear,https://www.livingemunah.com/
70,2025-09-08,Emunah in the Haggadah,Emunah in the Haggadah,https://media.ou.org/torah/3796/83585/83585.mp3,Rabbi David Ashear,2025-07-01 6:42:48,Rabbi David Ashear,https://www.livingemunah.com/
71,2025-09-09,Lessons in Emunah from Parshas HaChodesh,Lessons in Emunah from Parshas HaChodesh,https://media.ou.org/torah/3796/83370/83370.mp3,Rabbi David Ashear,2025-07-01 6:42:48,Rabbi David Ashear,https://www.livingemunah.com/
72,2025-09-10,Seeing Hashem Through Our Bodies,Seeing Hashem Through Our Bodies,https://media.ou.org/torah/3796/82869/82869.mp3,Rabbi David Ashear,2025-07-01 6:42:48,Rabbi David Ashear,https://www.livingemunah.com/
73,2025-09-11,You Have to Know It for a Fact,You Have to Know It for a Fact,https://media.ou.org/torah/3796/82280/82280.mp3,Rabbi David Ashear,2025-07-01 6:42:48,Rabbi David Ashear,https://www.livingemunah.com/
74,2025-09-12,Earning One's Livelihood,Earning One's Livelihood,https://media.ou.org/torah/3796/80342/80342.mp3,Rabbi David Ashear,2025-07-01 6:42:48,Rabbi David Ashear,https://www.livingemunah.com/
75,2025-09-13,When Others Help You... Thank Hashem!,When Others Help You... Thank Hashem!,https://media.ou.org/torah/3796/80021/80021.mp3,Rabbi David Ashear,2025-07-01 6:42:48,Rabbi David Ashear,https://www.livingemunah.com/
76,2025-09-14,What is the Goal of Emunah?,What is the Goal of Emunah?,https://media.ou.org/torah/3796/79810/79810.mp3,Rabbi David Ashear,2025-07-01 6:42:48,Rabbi David Ashear,https://www.livingemunah.com/
77,2025-09-15,Seeing the Yad Hashem,Seeing the Yad Hashem,https://media.ou.org/torah/3796/79256/79256.mp3,Rabbi David Ashear,2025-07-01 6:42:48,Rabbi David Ashear,https://www.livingemunah.com/
78,2025-09-16,Why Bother?,Why Bother?,https://media.ou.org/torah/3796/78888/78888.mp3,Rabbi David Ashear,2025-07-01 6:42:48,Rabbi David Ashear,https://www.livingemunah.com/
79,2025-09-17,Appreciating Hashem Through Nature,Appreciating Hashem Through Nature,https://media.ou.org/torah/3796/78678/78678.mp3,Rabbi David Ashear,2025-07-01 6:42:48,Rabbi David Ashear,https://www.livingemunah.com/
80,2025-09-18,Why Would Hashem Do This to Me?,Why Would Hashem Do This to Me?,https://media.ou.org/torah/3796/78478/78478.mp3,Rabbi David Ashear,2025-07-01 6:42:48,Rabbi David Ashear,https://www.livingemunah.com/
81,2025-09-19,The Precision with Which God Runs the World,The Precision with Which God Runs the World,https://media.ou.org/torah/3796/78155/78155.mp3,Rabbi David Ashear,2025-07-01 6:42:48,Rabbi David Ashear,https://www.livingemunah.com/
82,2025-09-20,Hashem is Good to All,Hashem is Good to All,https://media.ou.org/torah/3796/77757/77757.mp3,Rabbi David Ashear,2025-07-01 6:42:48,Rabbi David Ashear,https://www.livingemunah.com/
83,2025-09-21,As Difficult as Splitting the Sea,As Difficult as Splitting the Sea,https://media.ou.org/torah/3796/77633/77633.mp3,Rabbi David Ashear,2025-07-01 6:42:48,Rabbi David Ashear,https://www.livingemunah.com/
84,2025-09-22,How to View the Vagaries of Life,How to View the Vagaries of Life,https://media.ou.org/torah/3796/77334/77334.mp3,Rabbi David Ashear,2025-07-01 6:42:48,Rabbi David Ashear,https://www.livingemunah.com/
85,2025-09-23,Overachievers,Overachievers,https://media.ou.org/torah/3796/77006/77006.mp3,Rabbi David Ashear,2025-07-01 6:42:48,Rabbi David Ashear,https://www.livingemunah.com/
86,2025-09-24,How You Can Help,How You Can Help,https://media.ou.org/torah/3796/76594/76594.mp3,Rabbi David Ashear,2025-07-01 6:42:48,Rabbi David Ashear,https://www.livingemunah.com/
87,2025-09-25,Hashem Asks,Hashem Asks,https://media.ou.org/torah/3796/74176/74176.mp3,Rabbi David Ashear,2025-07-01 6:42:48,Rabbi David Ashear,https://www.livingemunah.com/
88,2025-09-26,Why Would God Impede Our Efforts to Serve Him?,Why Would God Impede Our Efforts to Serve Him?,https://media.ou.org/torah/3796/73807/73807.mp3,Rabbi David Ashear,2025-07-01 6:42:48,Rabbi David Ashear,https://www.livingemunah.com/
89,2025-09-27,Hashem Takes Care of Our Smallest Needs,Hashem Takes Care of Our Smallest Needs,https://media.ou.org/torah/3796/73522/73522.mp3,Rabbi David Ashear,2025-07-01 6:42:48,Rabbi David Ashear,https://www.livingemunah.com/
90,2025-09-28,Hashgacha Pratit,Hashgacha Pratit,https://media.ou.org/torah/3796/73309/73309.mp3,Rabbi David Ashear,2025-07-01 6:42:48,Rabbi David Ashear,https://www.livingemunah.com/
91,2025-09-29,The Four Principles of Emunah,The Four Principles of Emunah,https://media.ou.org/torah/3796/72951/72951.mp3,Rabbi David Ashear,2025-07-01 6:42:48,Rabbi David Ashear,https://www.livingemunah.com/
92,2025-09-30,The Great Gift of Being Shamed,The Great Gift of Being Shamed,https://media.ou.org/torah/3796/49714/49714.mp3,Rabbi David Ashear,2025-07-01 6:42:48,Rabbi David Ashear,https://www.livingemunah.com/
93,2025-10-01,Pass the Test,Pass the Test,https://media.ou.org/torah/3796/32228/32228.mp3,Rabbi David Ashear,2025-07-01 6:42:48,Rabbi David Ashear,https://www.livingemunah.com/
94,2025-10-02,The Thicker the Darkness,The Thicker the Darkness,https://media.ou.org/torah/3796/31997/31997.mp3,Rabbi David Ashear,2025-07-01 6:42:48,Rabbi David Ashear,https://www.livingemunah.com/
95,2025-10-03,Behind the Scenes,Behind the Scenes,https://media.ou.org/torah/3796/32000/32000.mp3,Rabbi David Ashear,2025-07-01 6:42:48,Rabbi David Ashear,https://www.livingemunah.com/
96,2025-10-04,Just Be Yourself,Just Be Yourself,https://media.ou.org/torah/3796/32604/32604.mp3,Rabbi David Ashear,2025-07-01 6:42:48,Rabbi David Ashear,https://www.livingemunah.com/
97,2025-10-05,Who's Behind Anti-Semitism?,Who's Behind Anti-Semitism?,https://media.ou.org/torah/3796/32605/32605.mp3,Rabbi David Ashear,2025-07-01 6:42:48,Rabbi David Ashear,https://www.livingemunah.com/
98,2025-10-06,Let Me Help You,Let Me Help You,https://media.ou.org/torah/3796/31999/31999.mp3,Rabbi David Ashear,2025-07-01 6:42:48,Rabbi David Ashear,https://www.livingemunah.com/
99,2025-10-07,Imagine the Reward,Imagine the Reward,https://media.ou.org/torah/3796/31544/31544.mp3,Rabbi David Ashear,2025-07-01 6:42:48,Rabbi David Ashear,https://www.livingemunah.com/
100,2025-10-08,You Are Not a Victim,You Are Not a Victim,https://media.ou.org/torah/3796/31543/31543.mp3,Rabbi David Ashear,2025-07-01 6:42:48,Rabbi David Ashear,https://www.livingemunah.com/
101,2025-10-09,It's Not a History Lesson,It's Not a History Lesson,https://media.ou.org/torah/3796/31541/31541.mp3,Rabbi David Ashear,2025-07-01 6:42:48,Rabbi David Ashear,https://www.livingemunah.com/
102,2025-10-10,What's Small for You is Huge for Him,What's Small for You is Huge for Him,https://media.ou.org/torah/3796/31533/31533.mp3,Rabbi David Ashear,2025-07-01 6:42:48,Rabbi David Ashear,https://www.livingemunah.com/
103,2025-10-11,Shabbat - The Source of Blessing,Shabbat - The Source of Blessing,https://media.ou.org/torah/3796/31532/31532.mp3,Rabbi David Ashear,2025-07-01 6:42:48,Rabbi David Ashear,https://www.livingemunah.com/
104,2025-10-12,The Best Possible Outcome,The Best Possible Outcome,https://media.ou.org/torah/3796/31531/31531.mp3,Rabbi David Ashear,2025-07-01 6:42:48,Rabbi David Ashear,https://www.livingemunah.com/
105,2025-10-13,Stay Calm,Stay Calm,https://media.ou.org/torah/3796/31530/31530.mp3,Rabbi David Ashear,2025-07-01 6:42:48,Rabbi David Ashear,https://www.livingemunah.com/
106,2025-10-14,The System Called Prayer,The System Called Prayer,https://media.ou.org/torah/3796/31529/31529.mp3,Rabbi David Ashear,2025-07-01 6:42:48,Rabbi David Ashear,https://www.livingemunah.com/
107,2025-10-15,Your Unique Song,Your Unique Song,https://media.ou.org/torah/3796/31314/31314.mp3,Rabbi David Ashear,2025-07-01 6:42:48,Rabbi David Ashear,https://www.livingemunah.com/
108,2025-10-16,Everything is Great,Everything is Great,https://media.ou.org/torah/3796/31313/31313.mp3,Rabbi David Ashear,2025-07-01 6:42:48,Rabbi David Ashear,https://www.livingemunah.com/
109,2025-10-17,Your Family Business,Your Family Business,https://media.ou.org/torah/3796/31312/31312.mp3,Rabbi David Ashear,2025-07-01 6:42:48,Rabbi David Ashear,https://www.livingemunah.com/
110,2025-10-18,His Pain,His Pain,https://media.ou.org/torah/3796/31311/31311.mp3,Rabbi David Ashear,2025-07-01 6:42:48,Rabbi David Ashear,https://www.livingemunah.com/
111,2025-10-19,Worth the Wait,Worth the Wait,https://media.ou.org/torah/3796/31310/31310.mp3,Rabbi David Ashear,2025-07-01 6:42:48,Rabbi David Ashear,https://www.livingemunah.com/
112,2025-10-20,You Won a House!,You Won a House!,https://media.ou.org/torah/3796/31309/31309.mp3,Rabbi David Ashear,2025-07-01 6:42:48,Rabbi David Ashear,https://www.livingemunah.com/
113,2025-10-21,Words Can (Literally) Give Life,Words Can (Literally) Give Life,https://media.ou.org/torah/3796/31474/31474.mp3,Rabbi David Ashear,2025-07-01 6:42:48,Rabbi David Ashear,https://www.livingemunah.com/
114,2025-10-22,Bounce Back,Bounce Back,https://media.ou.org/torah/3796/31305/31305.mp3,Rabbi David Ashear,2025-07-01 6:42:48,Rabbi David Ashear,https://www.livingemunah.com/
115,2025-10-23,Unexpected Salvation,Unexpected Salvation,https://media.ou.org/torah/3796/30046/30046.mp3,Rabbi David Ashear,2025-07-01 6:42:48,Rabbi David Ashear,https://www.livingemunah.com/
116,2025-10-24,How to Get Close to Hashem?,How to Get Close to Hashem?,https://media.ou.org/torah/3796/29561/29561.mp3,Rabbi David Ashear,2025-07-01 6:42:48,Rabbi David Ashear,https://www.livingemunah.com/
117,2025-10-25,Our Main Job,Our Main Job,https://media.ou.org/torah/3796/29563/29563.mp3,Rabbi David Ashear,2025-07-01 6:42:48,Rabbi David Ashear,https://www.livingemunah.com/
118,2025-10-26,Difficult People,Difficult People,https://media.ou.org/torah/3796/29583/29583.mp3,Rabbi David Ashear,2025-07-01 6:42:48,Rabbi David Ashear,https://www.livingemunah.com/
119,2025-10-27,Hashem's Right Arm,Hashem's Right Arm,https://media.ou.org/torah/3796/29574/29574.mp3,Rabbi David Ashear,2025-07-01 6:42:48,Rabbi David Ashear,https://www.livingemunah.com/
120,2025-10-28,Get Perspective,Get Perspective,https://media.ou.org/torah/3796/29562/29562.mp3,Rabbi David Ashear,2025-07-01 6:42:48,Rabbi David Ashear,https://www.livingemunah.com/
121,2025-10-29,Emergency Landing,Emergency Landing,https://media.ou.org/torah/3796/29560/29560.mp3,Rabbi David Ashear,2025-07-01 6:42:48,Rabbi David Ashear,https://www.livingemunah.com/
122,2025-10-30,The Great Mitzvah of Hope,The Great Mitzvah of Hope,https://media.ou.org/torah/3796/146393/146393.mp3,Rabbi David Ashear,2025-07-01 6:42:48,Rabbi David Ashear,https://www.livingemunah.com/
123,2025-10-31,Pure Intentions,Pure Intentions,https://media.ou.org/torah/3796/143553/143553.mp3,Rabbi David Ashear,2025-07-01 6:42:48,Rabbi David Ashear,https://www.livingemunah.com/
124,2025-11-01,Sanctify His Name,Sanctify His Name,https://media.ou.org/torah/3796/140483/140483.mp3,Rabbi David Ashear,2025-07-01 6:42:48,Rabbi David Ashear,https://www.livingemunah.com/
125,2025-11-02,The Absolute Best,The Absolute Best,https://media.ou.org/torah/3796/140111/140111.mp3,Rabbi David Ashear,2025-07-01 6:42:48,Rabbi David Ashear,https://www.livingemunah.com/
126,2025-11-03,In Your Own Way,In Your Own Way,https://media.ou.org/torah/3796/139724/139724.mp3,Rabbi David Ashear,2025-07-01 6:42:48,Rabbi David Ashear,https://www.livingemunah.com/
127,2025-11-04,Making Matches,Making Matches,https://media.ou.org/torah/3796/139351/139351.mp3,Rabbi David Ashear,2025-07-01 6:42:48,Rabbi David Ashear,https://www.livingemunah.com/
128,2025-11-05,Open the Gates of Blessing,Open the Gates of Blessing,https://media.ou.org/torah/3796/138660/138660.mp3,Rabbi David Ashear,2025-07-01 6:42:48,Rabbi David Ashear,https://www.livingemunah.com/
129,2025-11-06,The Greatest Gains,The Greatest Gains,https://media.ou.org/torah/3796/137938/137938.mp3,Rabbi David Ashear,2025-07-01 6:42:48,Rabbi David Ashear,https://www.livingemunah.com/
130,2025-11-07,Measure for Measure,Measure for Measure,https://media.ou.org/torah/3796/137202/137202.mp3,Rabbi David Ashear,2025-07-01 6:42:48,Rabbi David Ashear,https://www.livingemunah.com/
131,2025-11-08,The Key in Life,The Key in Life,https://media.ou.org/torah/3796/136236/136236.mp3,Rabbi David Ashear,2025-07-01 6:42:48,Rabbi David Ashear,https://www.livingemunah.com/
132,2025-11-09,If You Do Chesed...,If You Do Chesed...,https://media.ou.org/torah/3796/135250/135250.mp3,Rabbi David Ashear,2025-07-01 6:42:48,Rabbi David Ashear,https://www.livingemunah.com/
133,2025-11-10,We Can Accomplish Anything,We Can Accomplish Anything,https://media.ou.org/torah/3796/133390/133390.mp3,Rabbi David Ashear,2025-07-01 6:42:48,Rabbi David Ashear,https://www.livingemunah.com/
134,2025-11-11,If We Knew How Much He Cares,If We Knew How Much He Cares,https://media.ou.org/torah/3796/130250/130250.mp3,Rabbi David Ashear,2025-07-01 6:42:48,Rabbi David Ashear,https://www.livingemunah.com/
135,2025-11-12,What the Creator Prescribed,What the Creator Prescribed,https://media.ou.org/torah/3796/129608/129608.mp3,Rabbi David Ashear,2025-07-01 6:42:48,Rabbi David Ashear,https://www.livingemunah.com/
136,2025-11-13,Tailor-Made,Tailor-Made,https://media.ou.org/torah/3796/128887/128887.mp3,Rabbi David Ashear,2025-07-01 6:42:48,Rabbi David Ashear,https://www.livingemunah.com/
137,2025-11-14,The Power of Tehillim,The Power of Tehillim,https://media.ou.org/torah/3796/128333/128333.mp3,Rabbi David Ashear,2025-07-01 6:42:48,Rabbi David Ashear,https://www.livingemunah.com/
138,2025-11-15,Trust Hashem,Trust Hashem,https://media.ou.org/torah/3796/127794/127794.mp3,Rabbi David Ashear,2025-07-01 6:42:48,Rabbi David Ashear,https://www.livingemunah.com/
139,2025-11-16,Hold on Tight,Hold on Tight,https://media.ou.org/torah/3796/127419/127419.mp3,Rabbi David Ashear,2025-07-01 6:42:48,Rabbi David Ashear,https://www.livingemunah.com/
140,2025-11-17,Feel Calm,Feel Calm,https://media.ou.org/torah/3796/125708/125708.mp3,Rabbi David Ashear,2025-07-01 6:42:48,Rabbi David Ashear,https://www.livingemunah.com/
141,2025-11-18,Going Through the Motions,Going Through the Motions,https://media.ou.org/torah/3796/125321/125321.mp3,Rabbi David Ashear,2025-07-01 6:42:48,Rabbi David Ashear,https://www.livingemunah.com/
142,2025-11-19,Many Messengers,Many Messengers,https://media.ou.org/torah/3796/125013/125013.mp3,Rabbi David Ashear,2025-07-01 6:42:48,Rabbi David Ashear,https://www.livingemunah.com/
143,2025-11-20,Shine Bright,Shine Bright,https://media.ou.org/torah/3796/124627/124627.mp3,Rabbi David Ashear,2025-07-01 6:42:48,Rabbi David Ashear,https://www.livingemunah.com/
144,2025-11-21,Don't Waste Time With the Puppet,Don't Waste Time With the Puppet,https://media.ou.org/torah/3796/124252/124252.mp3,Rabbi David Ashear,2025-07-01 6:42:48,Rabbi David Ashear,https://www.livingemunah.com/
145,2025-11-22,Only Hashem,Only Hashem,https://media.ou.org/torah/3796/124057/124057.mp3,Rabbi David Ashear,2025-07-01 6:42:48,Rabbi David Ashear,https://www.livingemunah.com/
146,2025-11-23,Hope and Accept,Hope and Accept,https://media.ou.org/torah/3796/123773/123773.mp3,Rabbi David Ashear,2025-07-01 6:42:48,Rabbi David Ashear,https://www.livingemunah.com/
147,2025-11-24,Is Hashem's Hand Too Short?,Is Hashem's Hand Too Short?,https://media.ou.org/torah/3796/123330/123330.mp3,Rabbi David Ashear,2025-07-01 6:42:48,Rabbi David Ashear,https://www.livingemunah.com/
148,2025-11-25,Endless Blessings,Endless Blessings,https://media.ou.org/torah/3796/122813/122813.mp3,Rabbi David Ashear,2025-07-01 6:42:48,Rabbi David Ashear,https://www.livingemunah.com/
149,2025-11-26,Don't Squander It,Don't Squander It,https://media.ou.org/torah/3796/122349/122349.mp3,Rabbi David Ashear,2025-07-01 6:42:48,Rabbi David Ashear,https://www.livingemunah.com/
150,2025-11-27,Fulfilling Our Potential,Fulfilling Our Potential,https://media.ou.org/torah/3796/121729/121729.mp3,Rabbi David Ashear,2025-07-01 6:42:48,Rabbi David Ashear,https://www.livingemunah.com/
151,2025-11-28,Parents Should Feel at Ease,Parents Should Feel at Ease,https://media.ou.org/torah/3796/120911/120911.mp3,Rabbi David Ashear,2025-07-01 6:42:48,Rabbi David Ashear,https://www.livingemunah.com/
152,2025-11-29,Our Special Light,Our Special Light,https://media.ou.org/torah/3796/120434/120434.mp3,Rabbi David Ashear,2025-07-01 6:42:48,Rabbi David Ashear,https://www.livingemunah.com/
153,2025-11-30,Hashem's Kindness Is Forever,Hashem's Kindness Is Forever,https://media.ou.org/torah/3796/119952/119952.mp3,Rabbi David Ashear,2025-07-01 6:42:48,Rabbi David Ashear,https://www.livingemunah.com/
154,2025-12-01,Don't Underestimate,Don't Underestimate,https://media.ou.org/torah/3796/119399/119399.mp3,Rabbi David Ashear,2025-07-01 6:42:48,Rabbi David Ashear,https://www.livingemunah.com/
155,2025-12-02,Moments of Opportunity,Moments of Opportunity,https://media.ou.org/torah/3796/119032/119032.mp3,Rabbi David Ashear,2025-07-01 6:42:48,Rabbi David Ashear,https://www.livingemunah.com/
156,2025-12-03,It's the Blessing of Hashem,It's the Blessing of Hashem,https://media.ou.org/torah/3796/118686/118686.mp3,Rabbi David Ashear,2025-07-01 6:42:48,Rabbi David Ashear,https://www.livingemunah.com/
157,2025-12-04,Tried and Tested,Tried and Tested,https://media.ou.org/torah/3796/118098/118098.mp3,Rabbi David Ashear,2025-07-01 6:42:48,Rabbi David Ashear,https://www.livingemunah.com/
158,2025-12-05,Don't Push Off Marriage,Don't Push Off Marriage,https://media.ou.org/torah/3796/117609/117609.mp3,Rabbi David Ashear,2025-07-01 6:42:48,Rabbi David Ashear,https://www.livingemunah.com/
159,2025-12-06,Golden Information to Improve Family Life,Golden Information to Improve Family Life,https://media.ou.org/torah/3796/117028/117028.mp3,Rabbi David Ashear,2025-07-01 6:42:48,Rabbi David Ashear,https://www.livingemunah.com/
160,2025-12-07,Extra Chizuk,Extra Chizuk,https://media.ou.org/torah/3796/115766/115766.mp3,Rabbi David Ashear,2025-07-01 6:42:48,Rabbi David Ashear,https://www.livingemunah.com/
161,2025-12-08,Second Guessing,Second Guessing,https://media.ou.org/torah/3796/114270/114270.mp3,Rabbi David Ashear,2025-07-01 6:42:48,Rabbi David Ashear,https://www.livingemunah.com/
162,2025-12-09,Complete Satisfaction,Complete Satisfaction,https://media.ou.org/torah/3796/113752/113752.mp3,Rabbi David Ashear,2025-07-01 6:42:48,Rabbi David Ashear,https://www.livingemunah.com/
163,2025-12-10,Children of Eternity,Children of Eternity,https://media.ou.org/torah/3796/113257/113257.mp3,Rabbi David Ashear,2025-07-01 6:42:48,Rabbi David Ashear,https://www.livingemunah.com/
164,2025-12-11,Hashem Shows the Way,Hashem Shows the Way,https://media.ou.org/torah/3796/112818/112818.mp3,Rabbi David Ashear,2025-07-01 6:42:48,Rabbi David Ashear,https://www.livingemunah.com/
165,2025-12-12,If He Would Have Known,If He Would Have Known,https://media.ou.org/torah/3796/112453/112453.mp3,Rabbi David Ashear,2025-07-01 6:42:48,Rabbi David Ashear,https://www.livingemunah.com/
166,2025-12-13,Enough Is Enough,Enough Is Enough,https://media.ou.org/torah/3796/112007/112007.mp3,Rabbi David Ashear,2025-07-01 6:42:48,Rabbi David Ashear,https://www.livingemunah.com/
167,2025-12-14,Believe in Our Chachamim,Believe in Our Chachamim,https://media.ou.org/torah/3796/111763/111763.mp3,Rabbi David Ashear,2025-07-01 6:42:48,Rabbi David Ashear,https://www.livingemunah.com/
168,2025-12-15,Whether We Feel It or Not,Whether We Feel It or Not,https://media.ou.org/torah/3796/111393/111393.mp3,Rabbi David Ashear,2025-07-01 6:42:48,Rabbi David Ashear,https://www.livingemunah.com/
169,2025-12-16,Heroic Emunah,Heroic Emunah,https://media.ou.org/torah/3796/110725/110725.mp3,Rabbi David Ashear,2025-07-01 6:42:48,Rabbi David Ashear,https://www.livingemunah.com/
170,2025-12-17,At the Perfect Time,At the Perfect Time,https://media.ou.org/torah/3796/110257/110257.mp3,Rabbi David Ashear,2025-07-01 6:42:48,Rabbi David Ashear,https://www.livingemunah.com/
171,2025-12-18,Spiritual Hishtadlut,Spiritual Hishtadlut,https://media.ou.org/torah/3796/109449/109449.mp3,Rabbi David Ashear,2025-07-01 6:42:48,Rabbi David Ashear,https://www.livingemunah.com/
172,2025-12-19,Learning Emunah,Learning Emunah,https://media.ou.org/torah/3796/104058/104058.mp3,Rabbi David Ashear,2025-07-01 6:42:48,Rabbi David Ashear,https://www.livingemunah.com/
173,2025-12-20,Open Miracles,Open Miracles,https://media.ou.org/torah/3796/101820/101820.mp3,Rabbi David Ashear,2025-07-01 6:42:48,Rabbi David Ashear,https://www.livingemunah.com/
174,2025-12-21,Accept. Hope. Repeat.,Accept. Hope. Repeat.,https://media.ou.org/torah/3796/99332/99332.mp3,Rabbi David Ashear,2025-07-01 6:42:48,Rabbi David Ashear,https://www.livingemunah.com/
175,2025-12-22,Beyond What Meets the Eye,Beyond What Meets the Eye,https://media.ou.org/torah/3796/92741/92741.mp3,Rabbi David Ashear,2025-07-01 6:42:48,Rabbi David Ashear,https://www.livingemunah.com/
176,2025-12-23,Ease the Pain,Ease the Pain,https://media.ou.org/torah/3796/90587/90587.mp3,Rabbi David Ashear,2025-07-01 6:42:48,Rabbi David Ashear,https://www.livingemunah.com/
177,2025-12-24,Open New Doors,Open New Doors,https://media.ou.org/torah/3796/89036/89036.mp3,Rabbi David Ashear,2025-07-01 6:42:48,Rabbi David Ashear,https://www.livingemunah.com/
178,2025-12-25,A Wondrous Segulah,A Wondrous Segulah,https://media.ou.org/torah/3796/88582/88582.mp3,Rabbi David Ashear,2025-07-01 6:42:48,Rabbi David Ashear,https://www.livingemunah.com/
179,2025-12-26,A Little Can Go a Long Way,A Little Can Go a Long Way,https://media.ou.org/torah/3796/88057/88057.mp3,Rabbi David Ashear,2025-07-01 6:42:48,Rabbi David Ashear,https://www.livingemunah.com/
180,2025-12-27,Hashem Decides,Hashem Decides,https://media.ou.org/torah/3796/87469/87469.mp3,Rabbi David Ashear,2025-07-01 6:42:48,Rabbi David Ashear,https://www.livingemunah.com/
181,2025-12-28,You Never Lose,You Never Lose,https://media.ou.org/torah/3796/86996/86996.mp3,Rabbi David Ashear,2025-07-01 6:42:48,Rabbi David Ashear,https://www.livingemunah.com/
182,2025-12-29,Everything Comes About Through Hope,Everything Comes About Through Hope,https://media.ou.org/torah/3796/58293/58293.mp3,Rabbi David Ashear,2025-07-01 6:42:48,Rabbi David Ashear,https://www.livingemunah.com/
183,2025-12-30,Hashem Pays the Bills,Hashem Pays the Bills,https://media.ou.org/torah/3796/53782/53782.mp3,Rabbi David Ashear,2025-07-01 6:42:48,Rabbi David Ashear,https://www.livingemunah.com/
184,2025-12-31,"Whatever One Has, It Comes From God","Whatever One Has, It Comes From God",https://media.ou.org/torah/3796/52241/52241.mp3,Rabbi David Ashear,2025-07-01 6:42:48,Rabbi David Ashear,https://www.livingemunah.com/
185,2026-01-01,A Peek Behind the Curtains,A Peek Behind the Curtains,https://media.ou.org/torah/3796/52073/52073.mp3,Rabbi David Ashear,2025-07-01 6:42:48,Rabbi David Ashear,https://www.livingemunah.com/
186,2026-01-02,Does Anybody Care?,Does Anybody Care?,https://media.ou.org/torah/3796/51954/51954.mp3,Rabbi David Ashear,2025-07-01 6:42:48,Rabbi David Ashear,https://www.livingemunah.com/
187,2026-01-03,Tzedaka Doesn't Only Mean Money,Tzedaka Doesn't Only Mean Money,https://media.ou.org/torah/3796/51926/51926.mp3,Rabbi David Ashear,2025-07-01 6:42:48,Rabbi David Ashear,https://www.livingemunah.com/
188,2026-01-04,Losing Our Way,Losing Our Way,https://media.ou.org/torah/3796/51842/51842.mp3,Rabbi David Ashear,2025-07-01 6:42:48,Rabbi David Ashear,https://www.livingemunah.com/
189,2026-01-05,Enduring Unbearable Pain,Enduring Unbearable Pain,https://media.ou.org/torah/3796/51766/51766.mp3,Rabbi David Ashear,2025-07-01 6:42:48,Rabbi David Ashear,https://www.livingemunah.com/
190,2026-01-06,Prayer is Better Than Anything,Prayer is Better Than Anything,https://media.ou.org/torah/3796/51622/51622.mp3,Rabbi David Ashear,2025-07-01 6:42:48,Rabbi David Ashear,https://www.livingemunah.com/
191,2026-01-07,Money Doesn't Matter,Money Doesn't Matter,https://media.ou.org/torah/3796/51448/51448.mp3,Rabbi David Ashear,2025-07-01 6:42:48,Rabbi David Ashear,https://www.livingemunah.com/
192,2026-01-08,The Loftiness of Interpersonal Mitzvot,The Loftiness of Interpersonal Mitzvot,https://media.ou.org/torah/3796/51358/51358.mp3,Rabbi David Ashear,2025-07-01 6:42:48,Rabbi David Ashear,https://www.livingemunah.com/
193,2026-01-09,You Can't Ruin It,You Can't Ruin It,https://media.ou.org/torah/3796/51265/51265.mp3,Rabbi David Ashear,2025-07-01 6:42:48,Rabbi David Ashear,https://www.livingemunah.com/
194,2026-01-10,I Will Never Forget Your Kindness,I Will Never Forget Your Kindness,https://media.ou.org/torah/3796/51140/51140.mp3,Rabbi David Ashear,2025-07-01 6:42:48,Rabbi David Ashear,https://www.livingemunah.com/
195,2026-01-11,Hashgacha Pratit,Hashgacha Pratit,https://media.ou.org/torah/3796/51075/51075.mp3,Rabbi David Ashear,2025-07-01 6:42:48,Rabbi David Ashear,https://www.livingemunah.com/
196,2026-01-12,"She'Asa Li Kol Tzarchi - ""Who Provides All My Needs""","She'Asa Li Kol Tzarchi - ""Who Provides All My Needs""",https://media.ou.org/torah/3796/50982/50982.mp3,Rabbi David Ashear,2025-07-01 6:42:48,Rabbi David Ashear,https://www.livingemunah.com/
197,2026-01-13,Feeling Fulfilled in Depressing Circumstances,Feeling Fulfilled in Depressing Circumstances,https://media.ou.org/torah/3796/50857/50857.mp3,Rabbi David Ashear,2025-07-01 6:42:48,Rabbi David Ashear,https://www.livingemunah.com/
198,2026-01-14,Emunah is Necessary for Proper Understanding,Emunah is Necessary for Proper Understanding,https://media.ou.org/torah/3796/50737/50737.mp3,Rabbi David Ashear,2025-07-01 6:42:48,Rabbi David Ashear,https://www.livingemunah.com/
199,2026-01-15,Why Isn't My Emunah Helping Me?,Why Isn't My Emunah Helping Me?,https://media.ou.org/torah/3796/50598/50598.mp3,Rabbi David Ashear,2025-07-01 6:42:48,Rabbi David Ashear,https://www.livingemunah.com/
200,2026-01-16,Failing to Take Advantage of Our Most Valuable Resource,Failing to Take Advantage of Our Most Valuable Resource,https://media.ou.org/torah/3796/50546/50546.mp3,Rabbi David Ashear,2025-07-01 6:42:48,Rabbi David Ashear,https://www.livingemunah.com/
201,2026-01-17,Financial Stress,Financial Stress,https://media.ou.org/torah/3796/50464/50464.mp3,Rabbi David Ashear,2025-07-01 6:42:48,Rabbi David Ashear,https://www.livingemunah.com/
202,2026-01-18,The Dividends of Tzedaka,The Dividends of Tzedaka,https://media.ou.org/torah/3796/50425/50425.mp3,Rabbi David Ashear,2025-07-01 6:42:48,Rabbi David Ashear,https://www.livingemunah.com/
203,2026-01-19,God's Judgment is Kindness,God's Judgment is Kindness,https://media.ou.org/torah/3796/50349/50349.mp3,Rabbi David Ashear,2025-07-01 6:42:48,Rabbi David Ashear,https://www.livingemunah.com/
204,2026-01-20,Turning Things Around,Turning Things Around,https://media.ou.org/torah/3796/50273/50273.mp3,Rabbi David Ashear,2025-07-01 6:42:48,Rabbi David Ashear,https://www.livingemunah.com/
205,2026-01-21,Only Hashem Knows What is Good,Only Hashem Knows What is Good,https://media.ou.org/torah/3796/50159/50159.mp3,Rabbi David Ashear,2025-07-01 6:42:48,Rabbi David Ashear,https://www.livingemunah.com/
206,2026-01-22,The Value of Even the Smallest Mitzvah,The Value of Even the Smallest Mitzvah,https://media.ou.org/torah/3796/50091/50091.mp3,Rabbi David Ashear,2025-07-01 6:42:48,Rabbi David Ashear,https://www.livingemunah.com/
207,2026-01-23,How Emunah Can Improve Our Lives,How Emunah Can Improve Our Lives,https://media.ou.org/torah/3796/50034/50034.mp3,Rabbi David Ashear,2025-07-01 6:42:48,Rabbi David Ashear,https://www.livingemunah.com/
208,2026-01-24,We Can't Thwart Hashem's Will,We Can't Thwart Hashem's Will,https://media.ou.org/torah/3796/49979/49979.mp3,Rabbi David Ashear,2025-07-01 6:42:48,Rabbi David Ashear,https://www.livingemunah.com/
209,2026-01-25,Balancing the Books,Balancing the Books,https://media.ou.org/torah/3796/49864/49864.mp3,Rabbi David Ashear,2025-07-01 6:42:48,Rabbi David Ashear,https://www.livingemunah.com/
210,2026-01-26,Having a Relationship with Hashem,Having a Relationship with Hashem,https://media.ou.org/torah/3796/49797/49797.mp3,Rabbi David Ashear,2025-07-01 6:42:48,Rabbi David Ashear,https://www.livingemunah.com/
211,2026-01-27,We Are Not Alone,We Are Not Alone,https://media.ou.org/torah/3796/29558/29558.mp3,Rabbi David Ashear,2025-07-01 6:42:48,Rabbi David Ashear,https://www.livingemunah.com/
212,2026-01-28,The Master Shadchan,The Master Shadchan,https://media.ou.org/torah/3796/29557/29557.mp3,Rabbi David Ashear,2025-07-01 6:42:48,Rabbi David Ashear,https://www.livingemunah.com/
213,2026-01-29,Why Me?,Why Me?,https://media.ou.org/torah/3796/29559/29559.mp3,Rabbi David Ashear,2025-07-01 6:42:48,Rabbi David Ashear,https://www.livingemunah.com/
214,2026-01-30,Hashem Has The Solution,Hashem Has The Solution,https://media.ou.org/torah/3796/29597/29597.mp3,Rabbi David Ashear,2025-07-01 6:42:48,Rabbi David Ashear,https://www.livingemunah.com/
215,2026-01-31,Master the Skill,Master the Skill,https://media.ou.org/torah/3796/29504/29504.mp3,Rabbi David Ashear,2025-07-01 6:42:48,Rabbi David Ashear,https://www.livingemunah.com/